AE;AE
JV;BLS
MD;MDG
7F;FAB
HN;HVY
EN;DLA
IN;MAK
HK;FSC
B4;BCF
H2;SKU
RT;BUG
2T;HAM
EM*;AEB
BE;BEE
0J;JCS
5N;AUL
AX;â€”
D0;DHK
KB;DRK
OM;MGL
ME;MEA
SR;SWR
6G;AWW
7E;AWU
FP;FRE
RS;ICT
4K*;AAS
QS;QSC
R8;KGA
CF;SDR
BG;BBC
BO;BBD
AB;BER
JZ;SKX
O8;OHK
SV;SVA
5P;LLX
2B;ARD
BZ;BDA
KF;BLF
E3;DMO
PJ;SPM
IE;SOL
SD;SUD
XQ;SXS
B5;FLT
NY;FXI
XN;XAR
5L;RSU
Q5;MLA
WN;SWA
MI;SLK
L4;SSX
V9;BTC
JA;BON
I4;FWA
8F;FFR
R2;ORB
IK;KAR
6Y;ART
MA;MAH
UZ;BRQ
M7;MAA
B9;BGD
8D*;SUW
WV;SWV
QR;QTR
BS;BIH
WG;SWG
QW;BWG
Y6;BTV
UY;UYC
4C;ARE
YD;CAT
F7;BBO
FJ;FJI
WY;OMA
4D;ASD
OX;OEA
KU;KAC
NM;DRD
FB;LZB
ZK;GLA
U6;SVR
KG;BNX
PG;BKP
QX;QXE
MK;MAU
K5;SQH
ER;DHL
FA;SFR
9Y;FGE
SN;BXI
F2;FLM
KE;KAL
YS;RAE
3Q;CYH
NB;SNB
H5;HOA
ES;DHX
TU;TAR
FT;SRH
JR;SER
QO;MPX
TV;VEX
8D;EXV
BD;BMA
2N;NTJ
RQ;KMF
OO;SKW
XK;CCM
DT;DTA
RP*;CHQ
QF;EAQ
L2;LYC
I6;SEQ
BN;BNF
LK;LXR
CH;BMJ
8N;NKF
ML;BIE
BC;SKY
XC;CAI
VW;TAO
HM;SEY
VS;VIR
VL;VIM
LZ[30];SWU
DG;SRQ
V3;KRP
L8;LXG
3G;AYZ
DX;DTR
VA;OZW
ZB;BUB
OA;OAL
DH;DVA
9A;EZX
OE[20];LDM
JQ;JST
QE;ECC
8C;ATN
Z4;OOM
D9;DNV
A0;MCJ
VR;TCV
B3;BLV
HO;DJA
TT;KLA
F3;FSW
D2;SSF
R9;CAM
DO;DOA
TQ;TDM
J4;BFL
V8;VAS
5K;HFY
EX;BJK
HZ;SHU
LH;DLH
FK;WTA
4H;UBD
WA;KLC
LU;LXP
V0;VCV
OJ;FJM
7L;AZG
VI;VDA
9I;LLR
BV;BPA
T2;TCG
VC;VCX
BP;BOT
GS;UPA
7N;PWD
PT;CCI
NU;JTA
CB*;KFS
S5;TCF
UI;ECA
G5;HXA
TP;TAP
2Z;CGN
SH;FLY
WZ;WSF
BU;BUN
7T;AGV
SE;SEU
5Z;AFX
MN;CAW
SZ;WOW
3L;ISK
QY;BCS
5F;CIR
WO;WSW
JS;KOR
D8;IBK
C8;ICV
Z3;SMJ
6K;RIT
OD;MXD
B2;BRU
3W;EMX
WT;WSG
GX;GBC
5Y;GTI
GT;GBL
MQ;EGF
6A;CHP
XS;SIT
3J;AAQ
MH;MWG
MY;MXJ
S3;BBR
UP;BHS
2K;GLG
MX;MXA
0A;GNT
GW;KIL
7A;XRC
BT;BTI
UQ;OCM
QD;QCL
VY;FOS
MG;CCP
KL;KLM
SY;SCX
A4;SWD
RC;FLI
5W;AEU
H8;KHB
TF;SCW
O7;OZJ
QH;LYN
6P;ISG
JN;XLA
J9;GIF
DB;BZH
FW;IBX
5J;CEB
Z2;Philippines AirAsia
AL;SYX
A8;XAU
E5;BRZ
RV*;AFI
WR;HRH
YX;MEP
MP;MPH
FI;ICE
6U;ACX
GM;SVK
UG;SEN
9C;CQH
6H;ISR
7S;RCT
GQ;BSY
R7;OCA
DC;GAO
MS;MSR
W4;BES
9W;JAI
KV;MVD
S9;HSA
WD*;AAN
KX;CAY
BW;BWA
WX;BCY
N4;MTC
M4;MSA
1A;AGT
SI;SIH
UF;UKM
QK;JZA
7M;MYI
MR;MRT
YM;MGX
7O[33];TVL
M9;MSI
G6;BSR
JD;CBJ
SJ;FOM
YB;BRJ
SQ;SIA
KQ;KQA
D7;XAX
IO;IAA
EU;EEA
8M;MXL
A7;MPD
K9;KFS
GJ;MXC
MM;MMZ
PY;SLM
UT;UTA
H7;EGU
TX;FWI
I5;IAD
ID;BTK
IA;IAW
6N;NIN
8U;AAW
HY;UZB
4G;GZP
IC;IAC
NN;MOV
9M;GLR
GA;GIA
K8;ZAK
XJ;MES
G0;GHB
I9;IBU
3U;CSC
I2;IBS
IB;IBE
Q2;DQA
Q3;MBN
3C;CMV
4N;ANT
EF;EFA
W3;FYH
3X;JAC
W6;WZZ
9T;ABS
MZ;MNA
WD;DSR
3P;TNM
8V;ACP
8T;TID
8L;CGP
IT;KFR
EY;EFL
O6;ONE
P8;MKG
7C;COY
8Y;PBU
5A;AIP
KK;KKK
2D;AOG
NT;IBB
9L;CJC
S6;SRR
CQ;CCW
ZY;SHY
EE;EAY
GF;GFA
E2;KMP
RI;MDL
8P;PCO
SX;SRK
QU;UTN
EA;EAL
RF;FWL
1I;AMB
J8;BVT
Y8;YZR
9Q;PBA
VN;HVN
4O;AIJ
QQ;UTY
GI;IKA
1Z;APD
M5;KEN
CA;CCA
WW;BMI
4Y;AIB
CT;CAT
KP;KIA
CI;CAL
OL;OLT
S0;OKS
AT;RAM
VK;FVK
K6;KHV
EQ;TAE
2O;RNE
N5;KGZ
8Q*;BAJ
KW;KHK
LX;SWR
C4;IMX
L9;MLI
SF;DTH
IM;MNJ
V7;SNG
2G;CRG
4A;AKL
JE;MNO
D6;ILN
UH;USH
4U;GWI
M8;MKN
9V;VPA
NZ;ANZ
ZP;AZP
FG;AFG
IZ;AIZ
YH;WCW
LV;LBC
N7;ROK
SW;NMB
JM;AJM
ZE;AZE
XT;AXL
ZS;AZI
AA;AAL
AN;AAA
OK;CSA
G8;AGB
LA;LAN
NH;ANA
GN;AGN
OW;EXK
E8;ELG
PV;PNR
GP;RIV
AQ;AAH
S2;RSH
OU;CTN
HT;AHW
BX;ABL
TC;ATC
VE;AVE
P5;RPB
CC;ABD
CJ;CFE
Z7*;ADK
IY;IYE
GL;GRL
O3;CSS
GD;AHA
8J;KMV
Z8;AZN
OY;ANS
7B;KJC
GO;KZU
OE;AOT
PL;PLI
0D;DWT
LF;NDC
K3;TQN
U2;EZY
J2;AHY
9R;VAP
6E;IGO
0C;IBL
8B;GFI
KZ;NCA
JH;NES
7O;GAL
KY;EQL
US;AWE
WB;RWD
BI;RBA
C3;IPR
QN;ARR
A9;TGZ
CP;CDN
NX;AMU
5M;MNT
T3;EZE
ON;RON
NG;LDA
SL;RSL
T6;TVR
M3;TUS
MB;EXA
UD;HER
IJ;GWL
LD;AHK
AC;ACA
FN;RGL
NV;CRF
G3;CIX
WE;CWC
PW;PRF
XP;CXP
Z6;UDN
XO;CXH
7K;KGL
BK;PDC
CK;CKK
G9;ABY
F6;RCK
GB;ABX
HV;TRA
NQ;AJX
8W;EDR
EI;EIN
EP;IRC
PK;PIA
GC;GNR
PS;AUI
CL;CLH
TW;TWB
TZ;TWG
FS;ACL
EZ;EIA
AP;ADH
HX;CRK
A3;AEE
6I;IBZ
JL;JAL
OH;COM
NR;PIR
DA;GRG
II;CSQ
M6;AJT
DE;CFG
PM;TOS
P0;PFZ
VD;LIB
1L;OSY
JI;JAE
3R;GAI
RD;RYN
VO;TYR
JF;JAA
PU;PUA
MV;RML
TO;PSD
5C;ICL
AW;AFW
SG;JGO
AF;AFR
C6;CJA
2P;GAP
GH;GLP
NE;ESK
G7;GNF
LN;LAA
GZ;RAR
IW;AOM
QZ;AWQ
G4;AAY
I7;PMW
KM;AMC
W2;CWA
LQ;LAQ
EM;CFS
J6;AOC
DK;ELA
C7;CIN
J3;PLR
CX;CPA
3S*;AEN
X3;HLX
3V;TAY
G2;VXG
IR;IRA
OT;PEL
WS;WJA
PI;PDT
EL;ANK
FM;CSH
FV;PLK
LY;ELY
BL;PIC
AI;AIC
VQ;NVQ
CO;COA
UO;HKE
LL;GRO
S4;RZO
EG;JAA
NA;NAL
YV;ASH
CM;CMP
6V;VGA
A5;RLA
FL;TRS
CG;TOK
CD;CND
PE;AEL
OV;ELL
BY;TOM
KJ;AAZ
EW;EWG
OP;CHK
U7;UGA
CS;CMI
B8;ERT
IF;ISW
2J;VBW
KH;AAH
IG;ISS
KI;AAG
WF;WIF
W7;SAH
AM;AMX
ZU;HCY
PH;PAO
ZL;RXA
PO;PAC
HU;CHH
KS;PEN
O4;ABV
DY;NAX
RH;HKC
MU;CES
TD;LUR
KC;KZR
SP;SAT
P7;REP
SK;SAS
X9;NVD
S7;SBI
MC;RCH
K4;CKS
JY;IWY
UM;AZW
CZ;CSN
ZA;CYD
I9*;AEY
JJ;AGX
MW;MYD
0V;VFC
F4;NBK
9U;MLD
5T;MPE
F5;COZ
M2;MZS
SO;HKA
AJ;NIG
JP;ADR
L6;VNZ
GG;GUY
KO;AER
E7;ESF
2U;GIP
EH;AKX
UA;UAL
EJ;NEA
K2;ELO
BJ;LBT
ET;ETH
GE;TNA
UB;UBA
OZ;AAR
Q7;SBM
YL;LLM
BR;EVA
RB;SBK
ZW;AWI
E0;ESS
KD;AEN
4F;ECE
XL;LNE
ZT;AWC
OR;TFL
SA;SAA
BQ;ROM
LJ;JNA
NL;SAI
AR;ARG
Q6;CDP
T4;TIB
TJ;GPD
W8;CJT
TK;THY
RU;ABW
D4;LID
TN;THT
VM;VOA
L7;LPN
UU;REU
FR;RYR
C9;RUS
B6;JBU
SB;ACI
CW;CWM
OF;FIF
QB;AAJ
TR;TGW
Y2;AFJ
UX;AEA
TG;THA
5V;UKW
ST;GMI
LT;LTU
HR;HHN
DJ;WAJ
2S;SDY
Y4;VOI
JT;LNI
NW;NWA
LC;LOG
Y0;EMJ
SC;CDG
CV;CVA
RE;REA
X7;CHF
3K;JSA
AG;ARU
CU;CUB
WK;AFB
FC;WBA
JK;JKK
2W;WLC
8A;BMM
4T;BHP
SM;AAW
VX;AES
8Z;WVL
VV;AEW
BF;RSR
GR;AUR
VJ;AFF
PR;PAL
RK;RCT
AS;ASA
LM;LVG
5O;FPO
H6;HAG
IP;JOL
HB;HAR
6J;JUB
N8;HGK
AO;AUZ
9K;KAP
HA;HAL
HC;ATI
AU;AUT
ZV;AMW
6Z;UKS
AV;AVA
H9;HAD
2L;OAW
E4;RSO
WC;ISV
ZG;VVM
YQ;LCT
HG;NLY
SU;AFL
YW;ANE
4R;SEK
7G;SFJ
VB;VIV
DS;EZS
FO;ATM
LO;LOT
EC;TWN
8Q;OHY
AD;PRZ
XF;VLK
3W*;VNR
QI;CIM
HE;LGW
RL;RIO
LP;LPE
ZH;CSZ
MT;JMC
L3;JOS
HW;FHE
V5;VLI
N2;DAG
Y5;GMR
MJ;LPR
Q9;AFU
DU;NLH
GV;ARF
AK;AXM
PA;FCL
RR;RFR
W9;AAB
RX;AEH
4S;FNC
P6;PVG
V4;REK
VG;VLM
Q8;PEC
E9;CXS
CY;CYP
VZ;MYT
EV;ASQ
VF;VLU
EO;LHN
LR;LRC
W5;IRM
8E;BRG
HQ;HMY
T7;TJT
TM;LAM
NF;AVN
4M;DSM
D5;DAU
7R;BRB
ZI;AAF
AZ;AZA
JU;ASL
FH;FHY
DW;UCR
2Q;SNC
UL;ALK
LI;LIA
U8;RNV
D3;DAO
J7;CVC
PC;FAJ
C5;UCA
A2;AZI
F9;FFT
RG;VRN
JX;JEC
UN;TSO
3S;BOX
DV;LTF
JB;JBA
RJ;RJA
3N;URG
KR;CWK
CE;NTW
YT;TGA
MO;AUH
HD;HLN
UC;LCO
VH;ALV
2G*;MRR
ED*;ABQ
Z5;GMG
HF;HLF
Y9;IRK
JC;JEX
JW;APW
TI;TOL
5G;SSV
A6;LPV
JO;JAZ
R3;RME
LG;LGL
AH;DAH
DD;DDL
QL;RLN
3O;MAC
IV;JET
6R;DRU
P3;PTB
NO;AUS
QV;LAO
FY;FFM
YE;ACQ
2F;FTA
QT;TPA
U3;AIA
OS;AUA
9E;FLG
DI;BAG
KN;CUA
PZ;LAP
ZX;ABL
0B;BMS
O9;NOV
T5;TUA
6B;BLX
LS;EXS
RW;RPA
VP;VSP
FX;FDX
U4;PMT
NK;NKS
RO;ROT
FZ;FDB
UE;NAS
KA;HDA
YU;ADM
PP;PJS
6W;SOV
WH;CNW
EK;UAE
S8;CSU
NC;NJS
O2;JEA
BB;SBS
IQ;AUB
QC;CRD
DP;FCA
RA;RNA
PX;ANG
8H;BGH
LB;LLB
FE;WCP
TL;ANO
OB;ASZ
YK;KYV
QM;AML
5D;SLI
XW;NCT
TY;TPC
IX;AXB
2M;MDV
BA;BAW
HP;AWE
6Q;SLL
VU;VUN
3T;URN
AY;FIN
N6;JEV
R0;RPK
PD;POE
TS;TSC
5X;UPS
SS;CRL
R5;JAV
LW;NMI
DL;DAL
U5;GWY
7W;QGA
8O;YWZ
HJ;AXF
PF;PNW
XG;CLI
MF;CXA
V2;AKT
T9;TRZ
VT;VTA
RV;ROU
